id,Model Year,Make,Model,Vehicle Class,Engine Size (L),Cylinders,Transmission,Fuel Type,Fuel Consumption City (L/100 km),Hwy (L/100 km),Comb (L/100 km),Comb (mpg),CO2 Emissions (g/km),Smog
ab44e9bec15,2022,Mercedes-Benz,A 250 4MATIC Hatch,Station wagon: Small,2.0,4,AM7,Z,10.0,7.0,8.7,32,202,2
45926762371,2022,Mazda,Mazda3 5-Door,Mid-size,2.0,4,AS6,X,8.6,6.7,7.7,37,181,4
e9be56e153f,2022,Porsche,Panamera 4 ST,Full-size,2.9,6,AM8,Z,12.8,10.2,11.7,24,274,2
077092760df,2022,Mazda,CX-3 4WD,Compact,2.0,4,AS6,X,8.6,7.4,8.1,35,189,1
c1c2579b795,2022,Aston Martin,DBS V12,Minicompact,5.2,12,A8,Z,16.4,10.7,13.8,20,324,1
1835ec7198d,2022,Toyota,RAV4 AWD LE,SUV: Small,2.5,4,AS8,X,8.7,6.9,7.9,36,184,3
2b6810086a9,2022,Hyundai,Elantra,Mid-size,1.6,4,AM7,X,8.4,6.6,7.6,37,179,2
ab554a4d471,2022,Toyota,Corolla,Compact,1.8,4,M6,X,8.0,6.0,7.1,40,165,2
80e4610c1dd,2022,GMC,Yukon 4WD (No Stop-Start),SUV: Standard,6.2,8,A10,Z,17.0,12.7,15.1,19,353,3
18792c4a516,2022,Ford,Transit Connect Wagon LWB FFV,Special purpose vehicle,2.0,4,AS8,X,10.0,8.3,9.2,31,216,2
9211e1dca30,2022,BMW,M235i xDrive Gran Coupe,Compact,2.0,4,AS8,Z,10.4,7.8,9.2,31,214,1
a41e5c5545f,2022,Audi,SQ8 quattro,SUV: Standard,4.0,8,AS8,Z,16.0,11.4,13.9,20,325,1
464130e5c1d,2022,GMC,Sierra 4WD,Pickup truck: Standard,6.2,8,A10,Z,15.7,11.9,14.0,20,329,3
41dfee04482,2022,Dodge,Charger AWD,Full-size,3.6,6,A8,X,12.8,8.7,11.0,26,258,2
d56837f31da,2022,Ford,Bronco Black Diamond 4WD,SUV: Small,2.3,4,AS10,X,13.1,13.1,13.1,22,308,2
1a9bbd73b68,2022,Ford,Ranger 4WD Tremor,Pickup truck: Standard,2.3,4,AS10,X,12.4,12.3,12.4,23,291,1
3af863bb9f7,2022,Ford,Mustang Convertible (High Performance),Subcompact,2.3,4,M6,X,12.3,9.2,10.9,26,256,2
17cf4a1445d,2022,GMC,Yukon XL 4WD (No Stop-Start),SUV: Standard,5.3,8,A10,X,17.0,12.7,15.1,19,354,3
2abf8c8c406,2022,FIAT,500X AWD,SUV: Small,1.3,4,A9,X,10.0,7.9,9.1,31,221,3
33f30aeca08,2022,Alfa Romeo,Giulia Quadrifoglio,Mid-size,2.9,6,A8,Z,13.5,9.3,11.6,24,271,1
61e7e82220d,2022,Chevrolet,Camaro ZL1,Subcompact,6.2,8,M6,Z,17.2,12.0,14.9,19,349,0
578fc5fa5d5,2022,Ford,Transit Connect Wagon LWB FFV,Special purpose vehicle,2.0,4,AS8,E,14.7,11.3,13.2,21,219,2
ab394112b11,2022,Hyundai,Kona,SUV: Small,1.6,4,AM7,X,8.0,6.8,7.5,38,176,2
f4c1374f908,2022,Land Rover,Range Rover Velar P340,SUV: Small,3.0,6,AS8,Z,11.8,9.0,10.5,27,248,4
48f52875355,2022,Chevrolet,Silverado 4WD Mud Terrain Tire,Pickup truck: Standard,6.2,8,A10,Z,16.5,13.2,15.0,19,352,3
6c400dc0350,2022,Kia,Sorento AWD,SUV: Small,2.5,4,AS8,X,10.1,9.2,9.7,29,227,2
1c11e32e207,2022,Mercedes-Benz,GLS 450 4MATIC SUV,SUV: Standard,3.0,6,A9,Z,12.8,10.0,11.5,25,269,3
ba48b158193,2022,Porsche,911 Carrera S,Minicompact,3.0,6,M7,Z,12.8,9.4,11.3,25,264,2
ee54a7306ea,2022,Infiniti,QX50 AWD,SUV: Small,2.0,4,AV8,Z,10.8,8.3,9.7,29,228,3
69d5d6b57b5,2022,Land Rover,New Range Rover P400 LWB,SUV: Standard,3.0,6,AS8,Z,13.0,9.1,11.3,25,265,4
db2817fb196,2022,Land Rover,Range Rover Sport HST P400,SUV: Standard,3.0,6,AS8,Z,12.7,9.9,11.4,25,269,4
6a1f7b363fc,2022,Chevrolet,Camaro,Subcompact,2.0,4,M6,Z,12.6,8.0,10.5,27,239,2
6e2802268ba,2022,Maserati,Quattroporte Trofeo,Full-size,3.8,8,A8,Z,17.4,11.9,14.9,19,348,0
5f7536da122,2022,Lexus,LC 500 Convertible,Minicompact,5.0,8,AS10,Z,16.0,9.5,13.0,22,304,2
4ee8ba5a71b,2022,Lamborghini,Huracan evo Spyder,Two-seater,5.2,10,AM7,Z,18.0,12.9,15.7,18,371,0
08c696af1a9,2022,Toyota,Highlander AWD,SUV: Small,3.5,6,AS8,X,11.8,8.6,10.3,27,241,2
7bc896c03fe,2022,Jaguar,E-PACE P250,SUV: Small,2.0,4,AS9,Z,11.5,9.2,10.4,27,247,4
4aa8e668727,2022,Cadillac,Escalade 4WD (No Stop-Start),SUV: Standard,6.2,8,A10,Z,17.0,12.7,15.1,19,353,3
d689d1d1f08,2022,Chevrolet,Traverse AWD,SUV: Standard,3.6,6,A9,X,13.6,9.6,11.8,24,277,3
65dd2adb1b3,2022,Lexus,NX 350 AWD F SPORT,SUV: Small,2.4,4,AS8,Z,10.5,8.4,9.5,30,222,4
1d5f636cf97,2022,Ram,1500 4X4 eTorque,Pickup truck: Standard,5.7,8,A8,X,13.4,10.5,12.1,23,284,2
096cc14d058,2022,Porsche,718 Cayman GT4,Two-seater,4.0,6,M6,Z,14.0,10.1,12.2,23,286,2
5264aaf857f,2022,Genesis,GV70 AWD,SUV: Small,2.5,4,AS8,Z,10.7,8.4,9.7,29,229,2
c2d2e584ba6,2022,GMC,Sierra 4WD (No Stop-Start),Pickup truck: Standard,6.2,8,A10,Z,16.6,12.3,14.7,19,345,3
4b8127fbf58,2022,BMW,430i xDrive Cabriolet,Subcompact,2.0,4,AS8,Z,10.0,7.1,8.7,32,202,4
5d8d2afea71,2022,BMW,X3 xDrive30i,SUV: Small,2.0,4,AS8,Z,11.0,8.5,9.9,29,230,4
5c45af0be5b,2022,Porsche,718 Boxster S,Two-seater,2.5,4,AM7,Z,12.2,9.2,10.9,26,255,0
58520d7e75d,2022,Kia,Forte 5,Full-size,2.0,4,AV,X,8.0,6.0,7.1,40,169,2
2e6dd13245e,2022,GMC,Sierra,Pickup truck: Standard,3.0,6,A10,D,10.2,7.8,9.1,31,245,1
309f87bc4b1,2022,BMW,M8 Coupe Competition,Subcompact,4.4,8,AS8,Z,16.1,11.0,13.8,20,322,1
4cc4b2123de,2022,BMW,X3 M,SUV: Small,3.0,6,AS8,Z,15.7,11.7,13.9,20,323,1
cec26ab4ee9,2022,GMC,Yukon,SUV: Standard,3.0,6,A10,D,11.2,8.7,10.1,28,272,1
cd74540656f,2022,Jeep,Grand Wagoneer 4X4,SUV: Standard,6.4,8,A8,Z,18.6,12.8,16.0,18,374,0
013e56a1fa8,2022,GMC,Sierra 4WD Mud Terrain Tire,Pickup truck: Standard,5.3,8,A10,X,16.6,14.0,15.4,18,360,3
fefd0f278e0,2022,BMW,M4 Competition Coupe M xDrive,Subcompact,3.0,6,AS8,Z,14.6,10.5,12.7,22,296,2
fbbcebc9b93,2022,Kia,Niro FE,Station wagon: Small,1.6,4,AM6,X,4.4,4.9,4.6,61,110,4
a1a685d77b1,2022,BMW,M4 Competition Cabriolet M xDrive,Subcompact,3.0,6,AS8,Z,15.1,10.4,12.9,22,301,2
a685008b447,2022,Ford,F-150 Tremor 4X4,Pickup truck: Standard,3.5,6,AS10,X,14.3,11.8,13.2,21,310,3
edde1dd2278,2022,Volvo,S60 B5,Compact,2.0,4,AS8,Z,9.0,6.7,8.0,35,186,2
99744cd4e0c,2022,Toyota,C-HR,Compact,2.0,4,AS7,X,8.7,7.5,8.2,34,189,1
949bba6840d,2022,Toyota,Corolla,Compact,2.0,4,AV10,X,7.6,5.9,6.8,42,159,4
cf91be881ba,2022,Porsche,Panamera 4 Executive,Full-size,2.9,6,AM8,Z,13.8,10.2,12.2,23,289,2
9b14466feb3,2022,Land Rover,Defender 110 5.0L V8,SUV: Standard,5.0,8,AS8,Z,16.4,12.7,14.7,19,350,1
9559cc09fed,2022,Land Rover,Range Rover Sport P575 SVR,SUV: Standard,5.0,8,AS8,Z,16.2,12.0,14.3,20,336,1
1c038cd7219,2022,BMW,M440i xDrive Coupe,Subcompact,3.0,6,AS8,Z,10.4,7.7,9.2,31,214,2
ce530d88793,2022,Alfa Romeo,Giulia AWD,Mid-size,2.0,4,A8,Z,10.5,7.7,9.2,31,217,1
0b297c6f5ac,2022,GMC,Sierra 4WD Mud Terrain Tire,Pickup truck: Standard,2.7,4,A8,X,14.7,13.1,14.0,20,328,3
c79111dc10a,2022,Porsche,Panamera Turbo S Executive,Full-size,4.0,8,AM8,Z,15.3,11.2,13.5,21,326,1
2900c2e6b2a,2022,Audi,R8 Spyder Performance,Two-seater,5.2,10,AM7,Z,16.7,10.3,13.8,20,322,0
19419706fbd,2022,Audi,R8 Coupe Performance quattro,Two-seater,5.2,10,AM7,Z,17.9,12.1,15.3,18,356,0
15ad1cc8c4e,2022,Ford,F-150 4X4 FFV,Pickup truck: Standard,5.0,8,AS10,E,21.2,14.2,18.1,16,301,2
1930ad3b9d9,2022,Cadillac,XT5 AWD,SUV: Small,2.0,4,AS9,Z,11.2,8.7,10.1,28,237,4
2f770a86304,2022,Toyota,Corolla,Compact,1.8,4,AV,X,7.9,6.2,7.1,40,166,2
d044083bbd5,2022,Ram,1500 EcoDiesel,Pickup truck: Standard,3.0,6,A8,D,10.5,7.3,9.0,31,243,0
27ba7ff78c2,2022,Land Rover,New Range Rover P400,SUV: Standard,3.0,6,AS8,Z,13.0,9.1,11.3,25,265,4
2c3628c0a03,2022,Porsche,911 GT3 Touring,Two-seater,4.0,6,AM7,Z,15.7,12.7,14.4,20,335,1
f60ce250af3,2022,BMW,M760i xDrive Sedan,Full-size,6.6,12,AS8,Z,17.8,11.9,15.1,19,354,1
e31f5a932df,2022,GMC,Yukon XL,SUV: Standard,5.3,8,A10,X,15.8,11.8,14.0,20,327,3
2cb6afd0500,2022,Chevrolet,Camaro,Subcompact,3.6,6,M6,X,14.4,9.1,12.0,24,281,3
d5f84482550,2022,Honda,Civic Sedan,Mid-size,2.0,4,AV7,X,7.8,6.3,7.1,40,165,4
68dabc896cb,2022,GMC,Terrain AWD,SUV: Small,1.5,4,A9,X,9.6,8.3,9.0,31,212,4
e8807aabca3,2022,Lincoln,Corsair AWD,SUV: Small,2.3,4,AS8,X,11.2,8.3,9.9,29,232,2
9d0256ba083,2022,Volvo,XC60 B6 AWD,SUV: Small,2.0,4,AS8,Z,11.0,8.7,9.9,29,232,4
829e8bd172d,2022,Maserati,Levante Modena,SUV: Standard,3.0,6,A8,Z,15.1,10.9,13.2,21,308,1
21903709175,2022,Chevrolet,Camaro,Subcompact,3.6,6,AS10,X,12.8,8.1,10.7,26,251,3
7e23f89d680,2022,GMC,Sierra 4WD,Pickup truck: Standard,2.7,4,A8,X,13.9,12.0,13.1,22,306,3
b2dc00a4ead,2022,Mazda,CX-9 4WD,SUV: Small,2.5,4,AS6,X,11.6,9.0,10.4,27,243,2
845d3edc786,2022,Toyota,Camry LE/SE,Mid-size,2.5,4,AS8,X,8.5,6.1,7.4,38,174,4
845482e9634,2022,Toyota,Sienna AWD,Minivan,2.5,4,AV,X,6.8,6.6,6.7,42,158,4
d52484900dd,2022,Mazda,Mazda3 5-Door,Mid-size,2.5,4,AS6,X,9.1,6.8,8.1,35,190,4
3de7455bdea,2022,GMC,Canyon,Pickup truck: Small,2.5,4,A6,X,12.2,9.4,10.9,26,257,3
ed0cecb4f90,2022,Toyota,RAV4 AWD TRD Off-Road,SUV: Small,2.5,4,AS8,X,9.5,7.4,8.5,33,200,3
9493b1f5223,2022,Dodge,Challenger,Mid-size,3.6,6,A8,X,12.4,7.8,10.3,27,242,2
2b669fa5ac0,2022,Jeep,Grand Wagoneer 4X4,SUV: Standard,3.0,6,A8,Z,16.3,11.8,14.3,20,334,2
bf3fcd23fbe,2022,Ford,F-150 Raptor 37 4X4 (Without Stop-Start),Pickup truck: Standard,3.5,6,AS10,X,16.6,14.8,15.8,18,370,3
1bca77d0681,2022,Toyota,Corolla Apex Edition,Compact,2.0,4,AV10,X,7.7,6.2,7.0,40,164,4
37d52f1ed40,2022,Alfa Romeo,Stelvio AWD Quadrifoglio,SUV: Small,2.9,6,A8,Z,13.9,10.3,12.3,23,288,1
cd3dbf88744,2022,Acura,NSX,Two-seater,3.5,6,AM9,Z,11.1,10.8,11.0,26,256,1
e74279737ec,2022,Jaguar,F-PACE SVR,SUV: Small,5.0,8,AS8,Z,15.5,11.0,13.5,21,316,1
c8326979566,2022,Chrysler,Pacifica AWD,Minivan,3.6,6,A9,X,14.1,9.4,12.0,24,279,2
c75521cbef8,2022,Jeep,Wrangler JL 4X4,SUV: Small,3.6,6,A8,X,12.8,10.4,11.8,24,274,4
2c422472431,2022,MINI,Cooper S Convertible,Minicompact,2.0,4,M6,Z,10.1,7.1,8.8,32,205,4
9de9bdc73a0,2022,MINI,John Cooper Works 3 Door,Subcompact,2.0,4,M6,Z,10.5,7.3,9.1,31,211,4
42fb2ad4249,2022,Ram,1500 HFE EcoDiesel,Pickup truck: Standard,3.0,6,A8,D,10.4,7.1,8.9,32,238,0
8982f845526,2022,GMC,Sierra,Pickup truck: Standard,5.3,8,A8,X,15.1,11.3,13.4,21,314,3
638fb875dfb,2022,Chevrolet,Silverado 4WD Custom Trail Boss,Pickup truck: Standard,6.2,8,A10,Z,16.5,13.2,15.0,19,352,3
dedbc070abc,2022,Chevrolet,Camaro SS,Subcompact,6.2,8,AS10,Z,14.6,8.9,12.0,24,281,0
6fdbf6463bf,2022,Ford,Bronco Sasquatch 4WD,SUV: Small,2.3,4,M7,X,13.8,13.1,13.5,21,317,2
c007bc02569,2022,Toyota,Camry XSE,Mid-size,2.5,4,AS8,X,8.6,6.3,7.6,37,178,4
9b0066b703e,2022,Ford,F-150 4X4 FFV,Pickup truck: Standard,3.3,6,AS10,X,12.6,10.7,11.8,24,277,3
c40a41372fa,2022,Porsche,718 Boxster GTS 4.0,Two-seater,4.0,6,AM7,Z,12.3,9.8,11.1,25,260,2
9b51944dd96,2022,Acura,TLX Type S (Performance Tire),Compact,3.0,6,AS10,Z,12.3,9.8,11.2,25,261,2
f0f7ec343ba,2022,Chevrolet,Trax,SUV: Small,1.4,4,AS6,X,9.7,7.3,8.6,33,201,4
3cf3dc02f95,2022,Audi,A4 Sedan 40 TFSI quattro,Compact,2.0,4,AM7,Z,9.1,7.0,8.2,34,190,2
2224e4a6f3b,2022,Ford,Mustang Mach 1,Subcompact,5.0,8,AS10,X,15.2,10.1,12.9,22,302,1
9418e065961,2022,Chevrolet,Silverado 4WD (No Stop-Start),Pickup truck: Standard,6.2,8,A10,Z,16.6,12.3,14.7,19,345,3
05066d6ecbc,2022,Mercedes-Benz,GLE 450 4MATIC Coupe,SUV: Standard,3.0,6,A9,Z,11.7,9.2,10.5,27,247,3
fe7f08ab2cd,2022,Toyota,Corolla Cross,SUV: Small,2.0,4,AV10,X,7.6,7.0,7.3,39,171,4
d8f5805b3b5,2022,Volkswagen,Passat,Mid-size,2.0,4,AS6,X,9.7,6.6,8.3,34,196,4
9c726ac6ec7,2022,Land Rover,Defender 90 P300,SUV: Standard,2.0,4,AS8,Z,13.2,11.3,12.3,23,289,4
8cb94ef4510,2022,Ford,GT,Two-seater,3.5,6,AM7,Z,19.9,12.8,16.7,17,395,1
31b8b996584,2022,GMC,Yukon XL 4WD,SUV: Standard,6.2,8,A10,Z,16.3,12.7,14.7,19,345,3
8dd560ac57c,2022,Jeep,Wrangler JL Unlimited 4X4,SUV: Small,3.6,6,A8,X,12.9,10.2,11.7,24,275,4
390bee70b05,2022,Porsche,911 Carrera 4 GTS,Minicompact,3.0,6,AM8,Z,13.8,10.1,12.1,23,288,2
125ff15d348,2022,Chevrolet,Silverado 4WD Mud Terrain Tire,Pickup truck: Standard,2.7,4,A8,X,14.7,13.1,14.0,20,328,3
f1d0bd5f614,2022,Lexus,LS 500h AWD,Mid-size,3.5,6,AV10,Z,10.1,8.1,9.2,31,216,4
0bb51fa56c6,2022,BMW,M440i xDrive Cabriolet,Subcompact,3.0,6,AS8,Z,10.4,7.4,9.1,31,211,2
b26ddaaab4b,2022,Kia,Forte,Mid-size,2.0,4,M6,X,8.8,6.1,7.6,37,178,2
990ee624b73,2022,Bentley,Continental GT Speed,Subcompact,6.0,12,AM8,Z,19.6,12.0,16.2,17,379,1
cdefbc5875c,2022,Porsche,718 Boxster,Two-seater,2.0,4,AM7,Z,11.0,8.7,10.0,28,233,0
4f4537984bc,2022,Ford,Bronco Badlands 4WD,SUV: Small,2.7,6,AS10,X,14.1,14.1,14.1,20,331,3
a1577f0bce5,2022,Porsche,718 Boxster GTS 4.0,Two-seater,4.0,6,M6,Z,14.0,10.0,12.2,23,284,2
75d6cb54acd,2022,Honda,Accord Sport/Touring,Full-size,1.5,4,AV7,X,8.1,6.8,7.5,38,176,4
c323ea17d77,2022,Cadillac,CT5,Mid-size,2.0,4,AS10,Z,10.3,7.1,8.8,32,207,4
d97037a0c40,2022,BMW,430i xDrive Coupe,Subcompact,2.0,4,AS8,Z,10.0,7.1,8.7,32,202,4
aa44daf6f75,2022,Mercedes-Benz,GLC 300 4MATIC Coupe,SUV: Small,2.0,4,A9,Z,11.5,8.5,10.1,28,237,3
53c4ae1a4af,2022,Honda,CR-V,SUV: Small,1.5,4,AV,X,8.3,7.0,7.7,37,180,3
25e782d1d84,2022,Chevrolet,Colorado 4WD,Pickup truck: Small,3.6,6,A8,X,14.0,9.9,12.1,23,283,3
b8a32a5bd09,2022,Dodge,Charger (MDS),Full-size,6.4,8,A8,Z,15.8,9.6,13.0,22,305,0
aeecef5c01e,2022,Chevrolet,Tahoe,SUV: Standard,3.0,6,A10,D,11.0,8.4,9.8,29,263,1
ad30b83ec16,2022,Infiniti,Q50 AWD Red Sport,Mid-size,3.0,6,AS7,Z,12.5,9.3,11.1,25,261,1
b270289ffdd,2022,BMW,X4 xDrive30i,SUV: Small,2.0,4,AS8,Z,11.0,8.5,9.9,29,230,4
210eb94b4a1,2022,Porsche,911 Carrera Cabriolet,Minicompact,3.0,6,AM8,Z,13.1,9.8,11.6,24,275,2
88c0c1a94b7,2022,Jeep,Cherokee 4X4 Active Drive I,SUV: Small,3.2,6,A9,X,12.2,8.6,10.6,27,249,2
658d98d1bca,2022,Porsche,718 Cayman S,Two-seater,2.5,4,M6,Z,12.5,9.6,11.2,25,263,0
24e1d5db81d,2022,Land Rover,Defender 110 P300,SUV: Standard,2.0,4,AS8,Z,14.2,11.7,13.0,22,306,4
475062365c3,2022,BMW,X6 M,SUV: Standard,4.4,8,AS8,Z,17.9,13.0,15.7,18,364,1
3b0d31609a6,2022,BMW,X3 M40i,SUV: Small,3.0,6,AS8,Z,11.2,9.1,10.3,27,241,2
8f5b1f57f82,2022,Hyundai,Santa Fe AWD,SUV: Small,2.5,4,AS8,X,10.6,9.3,10.0,28,235,4
0cf5053a03c,2022,Mercedes-Benz,AMG A 35 4MATIC Hatch,Station wagon: Small,2.0,4,AM7,Z,10.8,7.8,9.4,30,221,2
052570dfc59,2022,Audi,S8 Sedan quattro,Full-size,4.0,8,AS8,Z,16.9,10.2,13.8,20,323,1
a31b8a1b8b8,2022,Mazda,Mazda3 4-Door 4WD,Compact,2.5,4,AS6,X,9.5,7.2,8.5,33,199,4
8b27437b7f2,2022,Subaru,Legacy AWD,Full-size,2.4,4,AV8,X,9.9,7.3,8.7,32,205,1
945961c20c0,2022,Ford,Transit Connect Wagon LWB,Special purpose vehicle,2.5,4,AS6,X,12.1,9.0,10.6,27,249,2
fa32d9c7b75,2022,Dodge,Challenger SRT Hellcat Widebody,Mid-size,6.2,8,M6,Z,18.1,11.4,15.1,19,352,0
94c117a5a23,2022,Audi,RS 5 Sportback quattro,Mid-size,2.9,6,AS8,Z,13.1,9.4,11.4,25,268,2
1aac2727871,2022,Ford,Mustang,Subcompact,5.0,8,M6,X,16.1,10.1,13.4,21,314,1
e16275c108c,2022,Chevrolet,Malibu,Mid-size,2.0,4,A9,Z,10.7,7.1,9.1,31,213,2
953bb0b3da6,2022,Volvo,XC90 T6 AWD,SUV: Standard,2.0,4,AS8,Z,12.4,8.9,10.8,26,252,4
69112628860,2022,Porsche,911 Carrera 4 GTS,Minicompact,3.0,6,M7,Z,13.8,10.2,12.2,23,289,2
aa7530537da,2022,Ram,1500 Classic 4X4,Pickup truck: Standard,5.7,8,A8,X,16.2,11.6,14.1,20,330,1
5eff63c06d7,2022,Dodge,Challenger Widebody (MDS),Mid-size,6.4,8,A8,Z,15.8,9.6,13.0,22,305,0
a6148a29458,2022,Honda,Civic Sedan,Mid-size,2.0,4,AV,X,7.7,6.0,6.9,41,162,4
2125f108d8d,2022,Mercedes-Benz,AMG GLE 63 S 4MATIC+ SUV,SUV: Standard,4.0,8,A9,Z,16.2,12.6,14.6,19,341,2
c00126bead0,2022,Ford,Expedition Timberline 4X4,SUV: Standard,3.5,6,AS10,X,14.5,12.3,13.5,21,317,3
133e539cd0d,2022,Ford,Maverick AWD,Pickup truck: Small,2.0,4,A8,X,10.7,8.1,9.6,29,226,2
af89d952bbe,2022,Toyota,Tundra 4WD TRD,Pickup truck: Standard,3.4,6,AS10,X,13.5,10.6,12.2,23,286,2
e1429e34278,2022,Cadillac,CT4-V,Compact,2.7,4,AS10,Z,11.9,8.2,10.2,28,239,3
ec5d275dd0a,2022,BMW,X5 M50i,SUV: Standard,4.4,8,AS8,Z,14.4,10.6,12.7,22,302,1
99af29f8600,2022,Subaru,Ascent AWD,SUV: Standard,2.4,4,AV8,X,11.7,9.0,10.5,27,245,1
b29976d907b,2022,Audi,S3 Sedan quattro,Subcompact,2.0,4,AM7,Z,10.0,7.2,8.8,32,206,2
3a57a62b7be,2022,Ford,Mustang Convertible,Subcompact,2.3,4,M6,X,11.8,8.6,10.4,27,244,2
0c43c4227fe,2022,Toyota,Camry AWD XSE,Mid-size,2.5,4,AS8,X,9.5,7.0,8.4,34,195,3
31390b9181e,2022,Buick,Encore GX AWD,SUV: Small,1.3,3,A9,X,9.0,8.3,8.6,33,202,4
84fba9d1149,2022,Hyundai,Palisade AWD,SUV: Standard,3.8,6,AS8,X,12.3,9.6,11.1,25,265,2
c24013455f7,2022,GMC,Sierra 4WD FFV,Pickup truck: Standard,5.3,8,A6,X,16.5,12.8,14.8,19,347,1
0bff6a76880,2022,Lexus,IS 500,Compact,5.0,8,AS8,Z,14.1,9.3,11.9,24,280,2
1823f62ea13,2022,Ford,F-150 FFV,Pickup truck: Standard,5.0,8,AS10,E,20.8,14.3,17.9,16,298,2
95d8c19840f,2022,Aston Martin,DBX V8,SUV: Standard,4.0,8,A9,Z,16.8,11.9,14.6,19,343,2
46cc3cdfa7e,2022,Porsche,718 Cayman S,Two-seater,2.5,4,AM7,Z,12.2,9.2,10.9,26,255,0
7a1ba5a9475,2022,Porsche,Panamera Turbo S ST,Full-size,4.0,8,AM8,Z,15.3,11.2,13.5,21,326,1
9a911b94510,2022,Porsche,718 Cayman T,Two-seater,2.0,4,M6,Z,11.7,8.9,10.5,27,245,0
395882efe96,2022,GMC,Sierra 4WD (With Sport Mode),Pickup truck: Standard,5.3,8,A10,X,15.4,12.3,14.0,20,329,3
99444e97313,2022,Jeep,Wrangler JL Unlimited 4X4 Rubicon EcoDiesel,SUV: Small,3.0,6,A8,D,11.2,9.0,10.2,28,275,0
ead75b0d492,2022,Lexus,ES 350 F SPORT,Mid-size,3.5,6,AS8,X,10.9,7.5,9.4,30,219,2
1e8cb37e904,2022,Audi,Q7 45 TFSI quattro,SUV: Standard,2.0,4,AS8,Z,12.0,9.4,10.8,26,252,1
ce57b4ff8ed,2022,Chevrolet,Camaro,Subcompact,2.0,4,AS8,Z,10.9,7.8,9.5,30,222,2
f374bb20208,2022,Chevrolet,Trailblazer,SUV: Small,1.3,3,AV,X,8.0,7.2,7.6,37,178,4
5b867cafcd1,2022,Porsche,911 Carrera 4S Cabriolet,Minicompact,3.0,6,M7,Z,13.8,9.8,12.0,24,281,2
ccc470e1a6d,2022,Mazda,CX-3 (SIL),Compact,2.0,4,M6,X,8.8,7.0,8.0,35,186,1
386a1216ca7,2022,MINI,Cooper S 5 Door,Subcompact,2.0,4,AM7,Z,8.5,6.2,7.5,38,174,4
b98f8b7843d,2022,Porsche,Cayenne Turbo Coupe,SUV: Standard,4.0,8,AS8,Z,15.9,12.0,14.1,20,330,1
924ddd11a24,2022,Cadillac,CT5,Mid-size,3.0,6,AS10,Z,12.4,8.7,10.7,26,252,2
1eaf17d58b0,2022,Ford,Bronco Raptor 4WD,SUV: Standard,3.0,6,AS10,X,15.7,14.8,15.3,18,358,3
daf99fe8002,2022,Land Rover,Range Rover P400,SUV: Standard,3.0,6,AS8,Z,13.3,10.2,11.9,24,279,4
2fdeb57c0d9,2022,Lamborghini,Aventador Ultimae Roadster,Two-seater,6.5,12,AM7,Z,26.8,15.1,21.5,13,498,0
6840f83115b,2022,Subaru,Impreza 5-Door AWD,Station wagon: Small,2.0,4,AV7,X,8.4,6.6,7.6,37,178,4
e38433dd427,2022,Aston Martin,DB11 V12,Minicompact,5.2,12,A8,Z,16.4,10.7,13.8,20,324,1
29325b2cff3,2022,BMW,X6 M Competition,SUV: Standard,4.4,8,AS8,Z,17.9,13.0,15.7,18,364,1
42432bdf09f,2022,Ford,F-150 FFV (Without Stop-Start),Pickup truck: Standard,5.0,8,AS10,E,20.1,14.1,17.4,16,289,2
5172c4f64f1,2022,Chrysler,Pacifica,Minivan,3.6,6,A9,X,12.4,8.4,10.6,27,249,2
819f5fc751c,2022,Porsche,911 Carrera 4 GTS Cabriolet,Minicompact,3.0,6,M7,Z,14.7,10.2,12.7,22,296,2
65537259170,2022,Toyota,Tundra,Pickup truck: Standard,3.4,6,AS10,X,13.1,10.1,11.8,24,277,2
ce7365d9cc2,2022,Chevrolet,Colorado ZR2 4WD,Pickup truck: Small,3.6,6,A8,X,15.0,13.0,14.1,20,329,3
77e525e0298,2022,BMW,X3 M Competition,SUV: Small,3.0,6,AS8,Z,15.7,11.7,13.9,20,323,1
021b65a06a7,2022,Land Rover,Range Rover Velar P400,SUV: Small,3.0,6,AS8,Z,12.6,9.6,11.3,25,265,4
cc2a0956652,2022,Chevrolet,Camaro SS,Subcompact,6.2,8,M6,Z,14.9,9.9,12.6,22,296,0
1318a48abac,2022,Ford,Escape Hybrid AWD,SUV: Small,2.5,4,AV,X,5.5,6.4,5.9,48,139,4
603aff0fe7b,2022,MINI,Cooper S Countryman ALL4,Mid-size,2.0,4,AS8,Z,10.4,7.5,9.1,31,212,4
5073fb479e7,2022,Mercedes-Benz,AMG GLE 63 S 4MATIC+ Coupe,SUV: Standard,4.0,8,A9,Z,16.4,12.8,14.8,19,346,2
ad0323a6670,2022,Mercedes-Benz,E 450 4MATIC Cabriolet,Subcompact,3.0,6,A9,Z,11.2,8.4,9.9,29,233,3
f8c58bbe669,2022,Mazda,Mazda3 5-Door (SIL),Mid-size,2.5,4,M6,X,9.6,7.1,8.4,34,198,4
fc15198697b,2022,Toyota,GR86,Minicompact,2.4,4,AS6,Z,11.1,7.7,9.6,29,224,1
141dd814f16,2022,Jeep,Gladiator 4X4 Rubicon EcoDiesel,Pickup truck: Standard,3.0,6,A8,D,11.0,8.7,10.0,28,271,0
65db3dcf7ef,2022,Volkswagen,Taos,SUV: Small,1.5,4,A8,X,8.4,6.6,7.6,37,178,4
e909d544a83,2022,Audi,RS 5 Coupe quattro,Subcompact,2.9,6,AS8,Z,13.0,9.4,11.4,25,267,2
a54dcf8b6da,2022,Subaru,Impreza 4-Door AWD,Mid-size,2.0,4,M5,X,10.1,7.5,9.0,31,209,4
7be728d1f14,2022,Cadillac,CT5-V,Mid-size,3.0,6,AS10,Z,12.8,8.7,11.0,26,258,2
e84a4cb92ff,2022,Rolls-Royce,Ghost Black Badge,Full-size,6.7,12,AS8,Z,19.9,12.7,16.7,17,387,1
3526cf77938,2022,Chevrolet,Blazer,SUV: Small,2.0,4,A9,X,10.6,8.0,9.4,30,221,4
850b4345f62,2022,Aston Martin,DB11 V8,Minicompact,4.0,8,A8,Z,13.0,9.8,11.5,25,271,2
590b47ca458,2022,Jeep,Cherokee 4X4 Active Drive I,SUV: Small,2.4,4,A9,X,11.2,8.0,9.8,29,230,3
5264b1b587c,2022,Audi,RS 7 Sportback quattro,Mid-size,4.0,8,AS8,Z,16.0,10.5,13.5,21,315,1
da4c4c36668,2022,Volkswagen,Atlas 4MOTION,SUV: Small,2.0,4,AS8,X,11.5,9.5,10.6,27,249,1
53351379b01,2022,Porsche,911 GT3 Touring,Two-seater,4.0,6,M6,Z,16.9,13.1,15.2,19,354,1
a60eff3dea6,2022,Jeep,Compass 4X4,SUV: Small,2.4,4,A9,X,10.8,7.8,9.5,30,222,3
dc0a4125f00,2022,Mazda,Mazda3 5-Door 4WD,Mid-size,2.5,4,AS6,X,9.5,7.4,8.6,33,200,4
409fd56fc19,2022,Hyundai,Tucson AWD,SUV: Small,2.5,4,AS8,X,9.9,8.0,9.0,31,214,2
eb83f50ff13,2022,Ford,Bronco Badlands 4WD,SUV: Small,2.3,4,M7,X,14.9,13.5,14.3,20,336,2
fb68442243b,2022,Subaru,Impreza 4-Door AWD,Mid-size,2.0,4,AV7,X,8.3,6.4,7.4,38,174,4
fb2d52d59d8,2022,Mercedes-Benz,AMG GLA 35 4MATIC SUV,Station wagon: Small,2.0,4,AM8,Z,11.0,8.4,9.8,29,230,2
ebac417d419,2022,Chevrolet,Silverado 4WD ZR2,Pickup truck: Standard,6.2,8,A10,Z,16.7,14.1,15.5,18,366,3
de85e6a9078,2022,Audi,A5 Coupe 45 TFSI quattro,Subcompact,2.0,4,AM7,Z,9.8,7.6,8.8,32,205,2
4d6b53a1434,2022,Nissan,Qashqai,Station wagon: Small,2.0,4,M6,X,10.0,7.9,9.1,31,213,3
da176c8b0fe,2022,Honda,Accord Hybrid Sport/Touring,Full-size,2.0,4,AV,X,5.3,5.7,5.5,51,129,4
779975bb891,2022,Toyota,RAV4,SUV: Small,2.5,4,AS8,X,8.8,6.8,7.9,36,184,4
76ee55f9bef,2022,Ford,Transit Connect Van FFV,Special purpose vehicle,2.0,4,AS8,E,13.3,11.9,12.7,22,211,2
43bca081ce1,2022,Chevrolet,Suburban,SUV: Standard,5.3,8,A10,X,15.8,11.8,14.0,20,327,3
136654edb40,2022,Audi,Q5 Sportback 45 TFSI quattro,SUV: Small,2.0,4,AM7,Z,10.3,8.4,9.4,30,220,2
60186b2e61b,2022,Toyota,Tundra 4WD,Pickup truck: Standard,3.4,6,AS10,X,13.6,10.4,12.2,23,285,2
1b0b143f142,2022,Genesis,G90 AWD,Full-size,5.0,8,AS8,Z,15.0,10.1,12.8,22,303,2
2609059a028,2022,Hyundai,Kona AWD,SUV: Small,2.0,4,AV,X,8.5,7.2,7.9,36,187,4
63e41cc8633,2022,Toyota,Tundra Hybrid 4WD,Pickup truck: Standard,3.4,6,AS10,X,12.7,10.5,11.7,24,274,2
2848cc3a6cf,2022,Porsche,Cayenne,SUV: Standard,3.0,6,AS8,Z,13.8,10.7,12.4,23,289,2
6c1833776fe,2022,Mercedes-Benz,GLE 450 4MATIC SUV,SUV: Standard,3.0,6,A9,Z,11.4,9.3,10.4,27,244,3
83a42316b76,2022,Chevrolet,Malibu,Mid-size,1.5,4,AV,X,8.2,6.6,7.5,38,175,4
6f0c8005bab,2022,Porsche,Cayenne S Coupe,SUV: Standard,2.9,6,AS8,Z,14.4,11.2,13.0,22,305,2
3a98deb3c65,2022,Porsche,Panamera 4,Full-size,2.9,6,AM8,Z,12.8,9.8,11.5,25,274,2
5226676e788,2022,Jaguar,F-TYPE P450 Coupe AWD,Two-seater,5.0,8,AS8,Z,15.2,9.8,12.7,22,299,1
e525f9d0e7c,2022,Toyota,Venza AWD,SUV: Small,2.5,4,AV,X,5.9,6.4,6.1,46,142,4
e844229cceb,2022,Porsche,911 Carrera GTS,Minicompact,3.0,6,M7,Z,13.5,9.8,11.9,24,276,2
8212a9d83c1,2022,Land Rover,Defender 110 P400,SUV: Standard,3.0,6,AS8,Z,13.5,10.8,12.3,23,287,4
2f99054688f,2022,Toyota,Tundra Hybrid 4WD TRD PRO,Pickup truck: Standard,3.4,6,AS10,X,12.9,11.6,12.3,23,287,2
521024d5c0b,2022,Cadillac,Escalade 4WD,SUV: Standard,6.2,8,A10,Z,16.3,12.7,14.7,19,345,3
267185e5436,2022,Toyota,RAV4 (Stop/Start),SUV: Small,2.5,4,AS8,X,8.5,6.8,7.7,37,180,4
5f1509bc8de,2022,Cadillac,CT4-V Blackwing,Compact,3.6,6,M6,Z,15.2,10.2,13.0,22,303,2
970284761f8,2022,Mazda,Mazda3 4-Door Turbo 4WD,Compact,2.5,4,AS6,X,10.1,7.3,8.8,32,207,2
23285799421,2022,Mercedes-Benz,AMG E 53 4MATIC+ Cabriolet,Subcompact,3.0,6,A9,Z,12.0,8.9,10.6,27,247,3
ab0ba8de1b0,2022,MINI,Cooper S 5 Door,Subcompact,2.0,4,M6,Z,10.5,7.3,9.1,31,211,4
c57ea4ef6ce,2022,BMW,X2 xDrive28i,SUV: Small,2.0,4,AS8,Z,9.9,7.6,8.8,32,207,4
10963d1e356,2022,Chevrolet,Spark,Subcompact,1.4,4,AV,X,7.7,6.2,7.0,40,165,2
f743450fa38,2022,Mazda,MX-5,Two-seater,2.0,4,AS6,Z,9.0,6.6,7.9,36,186,1
3bbd4cf3e66,2022,BMW,M8 Coupe,Subcompact,4.4,8,AS8,Z,16.1,11.0,13.8,20,322,1
93558c07172,2022,GMC,Yukon 4WD,SUV: Standard,5.3,8,A10,X,15.8,11.8,14.0,20,327,3
b66eeb839a9,2022,GMC,Yukon (No Stop-Start),SUV: Standard,5.3,8,A10,X,16.0,11.9,14.1,20,332,3
11353a00a78,2022,MINI,Cooper Convertible,Minicompact,1.5,3,M6,Z,8.7,6.3,7.6,37,177,4
d85c9fbcefa,2022,Land Rover,New Range Rover P530,SUV: Standard,4.4,8,AS8,Z,15.1,11.1,13.3,21,316,2
cd860cfd059,2022,Nissan,Pathfinder 4WD,SUV: Small,3.5,6,AS9,X,11.6,9.2,10.5,27,246,2
1fb45294c8e,2022,BMW,X4 M Competition,SUV: Small,3.0,6,AS8,Z,15.7,11.7,13.9,20,323,1
0596e9372fb,2022,Audi,S5 Coupe quattro,Subcompact,3.0,6,AS8,Z,11.1,8.0,9.7,29,227,2
0fcaa5a6c81,2022,Cadillac,CT4-V Blackwing,Compact,3.6,6,AS10,Z,15.0,9.7,12.6,22,297,2
b44a12a5cf6,2022,GMC,Sierra 4WD,Pickup truck: Standard,5.3,8,A8,X,15.6,11.9,13.9,20,327,3
347b5174a5b,2022,Toyota,GR Supra 3.0,Two-seater,3.0,6,AS8,Z,10.6,8.0,9.4,30,218,2
6d81ad294d6,2022,Chevrolet,Silverado 4WD FFV,Pickup truck: Standard,5.3,8,A6,X,16.5,12.8,14.8,19,347,1
0abb9278442,2022,Mazda,CX-5 4WD (Cylinder Deactivation),SUV: Small,2.5,4,AS6,X,9.9,7.9,9.0,31,209,3
9dbc7292ebc,2022,Porsche,911 Targa 4S,Minicompact,3.0,6,M7,Z,13.7,9.8,11.9,24,278,2
fe606606570,2022,Nissan,Murano AWD,Station wagon: Mid-size,3.5,6,AV7,X,12.0,8.5,10.4,27,245,2
e3c1bbd1694,2022,Acura,TLX Type S,Compact,3.0,6,AS10,Z,12.3,9.4,11.0,26,256,2
00988572c53,2022,Porsche,718 Cayman T,Two-seater,2.0,4,AM7,Z,11.2,8.7,10.1,28,236,0
d1e87f32709,2022,Audi,Q5 45 TFSI quattro,SUV: Small,2.0,4,AM7,Z,10.3,8.4,9.4,30,220,2
0028bb0dd1c,2022,Honda,Passport AWD,SUV: Small,3.5,6,AS9,X,12.5,9.8,11.3,25,265,1
5b3aba75c75,2022,Mazda,CX-3,Compact,2.0,4,AS6,X,8.3,6.9,7.7,37,179,1
f6912b15fd6,2022,Chrysler,300 AWD,Full-size,3.6,6,A8,X,12.8,8.7,11.0,26,258,2
92b4315407d,2022,Ford,Expedition 4X4 (Without Stop-Start),SUV: Standard,3.5,6,AS10,X,15.4,11.2,13.5,21,317,3
ed958854b6d,2022,MINI,Cooper 3 Door,Subcompact,1.5,3,M6,Z,8.7,6.3,7.6,37,177,4
9ccedbf55c5,2022,Lamborghini,Huracan evo Coupe AWD,Two-seater,5.2,10,AM7,Z,18.0,12.9,15.7,18,370,0
2da27475ef7,2022,Lexus,RC 350 AWD,Subcompact,3.5,6,AS6,Z,12.2,9.0,10.8,26,253,2
07dff0d66dd,2022,Mercedes-Benz,AMG GLE 53 4MATIC+ SUV,SUV: Standard,3.0,6,A9,Z,13.4,10.6,12.1,23,283,3
7b2c5aa66eb,2022,Mercedes-Benz,CLA 250 4MATIC Coupe,Compact,2.0,4,AM7,Z,9.8,7.0,8.6,33,200,2
46f3a5c3a67,2022,Dodge,Challenger AWD,Mid-size,3.6,6,A8,X,12.8,8.7,11.0,26,258,2
df1996acd5f,2022,Lexus,IS 350 AWD,Compact,3.5,6,AS6,Z,12.2,9.0,10.8,26,253,2
c79fe370cc6,2022,Ford,Escape,SUV: Small,1.5,3,A8,X,8.5,6.8,7.8,36,182,4
23b019846f7,2022,GMC,Sierra 4WD Mud Terrain Tire (No Stop-Start),Pickup truck: Standard,6.2,8,A10,Z,18.2,14.2,16.4,17,385,3
b48f36be06b,2022,Cadillac,CT4-V AWD,Compact,2.7,4,AS10,Z,12.0,8.4,10.4,27,244,3
4bfec893e65,2022,Nissan,Rogue AWD,SUV: Small,2.5,4,AV8,X,9.2,7.2,8.3,34,195,4
420300062dc,2022,Maserati,Ghibli Modena AWD,Mid-size,3.0,6,A8,Z,14.8,9.8,12.6,22,293,1
c6a30e58cfc,2022,Ram,1500 Classic,Pickup truck: Standard,5.7,8,A8,X,15.9,11.1,13.7,21,323,1
2feb7b52032,2022,Kia,Niro,Station wagon: Small,1.6,4,AM6,X,4.4,4.9,4.6,61,110,4
1efa8989d33,2022,Nissan,Sentra,Mid-size,2.0,4,M6,X,9.2,6.2,7.9,36,185,4
a80b9d816ed,2022,Infiniti,Q60 AWD,Subcompact,3.0,6,AS7,Z,12.3,8.7,10.7,26,252,1
e5ef3fe0900,2022,Cadillac,CT4 AWD,Compact,2.0,4,AS8,Z,10.5,7.6,9.2,31,216,4
54183d65ae6,2022,Cadillac,CT4,Compact,2.7,4,AS10,Z,11.0,7.6,9.5,30,221,3
e0a0d706d76,2022,Mercedes-Benz,CLS 450 4MATIC Coupe,Compact,3.0,6,A9,Z,11.1,8.2,9.8,29,229,3
47892813731,2022,Toyota,Corolla XLE,Compact,1.8,4,AV,X,8.1,6.3,7.3,39,170,2
e0cd3c901a4,2022,Mercedes-Benz,Metris Cargo Van,Special purpose vehicle,2.0,4,A9,Z,12.6,10.1,11.5,25,267,3
5d69639b806,2022,Mazda,CX-5 Turbo 4WD,SUV: Small,2.5,4,AS6,X,10.8,8.7,9.8,29,230,2
02c81da9baf,2022,Ford,Mustang,Subcompact,5.0,8,AS10,X,15.2,9.7,12.7,22,298,1
b00f7a4d155,2022,Hyundai,IONIQ,Full-size,1.6,4,AM6,X,4.3,4.1,4.2,67,99,4
742268392da,2022,Ford,F-150 4X4 FFV,Pickup truck: Standard,3.3,6,AS10,E,17.3,13.1,15.4,18,256,3
a11e2f992c9,2022,Chevrolet,Colorado 4WD,Pickup truck: Small,2.5,4,A6,X,12.6,9.9,11.4,25,267,3
51e6a5a9b0e,2022,BMW,X5 M Competition,SUV: Standard,4.4,8,AS8,Z,17.9,13.0,15.7,18,364,1
07f57c37ba9,2022,Porsche,Cayenne S,SUV: Standard,2.9,6,AS8,Z,14.7,10.6,12.9,22,307,2
2dddffd622e,2022,Lexus,IS 300,Compact,2.0,4,AS6,Z,11.0,7.6,9.5,30,221,2
5b0f154259b,2022,Buick,Envision,SUV: Small,2.0,4,AS9,X,10.0,7.6,8.9,32,209,4
8d0d8e3c5d4,2022,Toyota,Sequoia 4WD,SUV: Standard,5.7,8,AS6,X,18.5,13.9,16.4,17,385,2
3308ddac61d,2022,Chevrolet,Silverado,Pickup truck: Standard,3.0,6,A10,D,10.2,7.5,8.9,32,240,1
4ec05b46f97,2022,Lexus,IS 300 AWD,Compact,3.5,6,AS6,Z,12.2,9.0,10.8,26,253,2
e9de0114dd3,2022,Ford,Bronco 4WD,SUV: Small,2.3,4,AS10,X,12.1,11.2,11.7,24,275,2
221aaf11c7a,2022,Ford,EcoSport AWD,SUV: Small,2.0,4,AS6,X,10.4,8.0,9.3,30,219,2
a98965d6869,2022,GMC,Sierra 4WD FFV,Pickup truck: Standard,5.3,8,A6,E,22.0,16.4,19.5,14,326,1
25e1da6e73c,2022,BMW,X5 M,SUV: Standard,4.4,8,AS8,Z,17.9,13.0,15.7,18,364,1
e618520243a,2022,Chevrolet,Colorado,Pickup truck: Small,2.5,4,A6,X,12.2,9.4,10.9,26,257,3
27dadfb639e,2022,Chevrolet,Silverado 4WD,Pickup truck: Standard,2.7,4,A8,X,13.9,12.0,13.1,22,306,3
5cd5106fb0a,2022,Honda,Civic Hatchback,Full-size,1.5,4,AV7,X,7.7,6.3,7.1,40,166,4
af69dceb365,2022,Chevrolet,Trailblazer AWD,SUV: Small,1.3,3,A9,X,8.9,7.8,8.4,34,197,4
0af3766e8e5,2022,GMC,Terrain,SUV: Small,1.5,4,A9,X,9.2,7.8,8.6,33,202,4
a81c48f66d3,2022,Nissan,Frontier 4WD,Pickup truck: Standard,3.8,6,AS9,X,13.7,10.6,12.3,23,288,2
8fe0b01dad3,2022,Toyota,Tacoma 4WD D-Cab TRD Off-Road/PRO,Pickup truck: Small,3.5,6,M6,X,13.8,11.7,12.9,22,300,2
795928fca1b,2022,Mitsubishi,Outlander 4WD,SUV: Small,2.5,4,AV8,X,9.7,7.9,8.9,32,208,3
9fe6d88ad5c,2022,Ram,1500 Classic,Pickup truck: Standard,3.6,6,A8,X,13.9,9.6,11.9,24,280,1
446260c342c,2022,BMW,X7 xDrive40i,SUV: Standard,3.0,6,AS8,Z,12.1,9.8,11.1,25,256,1
83210501f7d,2022,Lincoln,Navigator 4X4,SUV: Standard,3.5,6,AS10,X,15.2,10.8,13.2,21,311,3
55f27a7ed4a,2022,GMC,Sierra 4WD Mud Terrain Tire FFV,Pickup truck: Standard,5.3,8,A6,E,23.1,19.6,21.5,13,358,1
ec552330b1c,2022,Porsche,911 Carrera GTS Cabriolet,Minicompact,3.0,6,AM8,Z,13.8,10.2,12.2,23,289,2
05277e819ba,2022,Mitsubishi,RVR 4WD,SUV: Small,2.0,4,AV6,X,10.1,8.2,9.2,31,213,2
5af4d4ce0e5,2022,Subaru,Legacy AWD,Full-size,2.5,4,AV8,X,8.8,6.7,7.8,36,184,4
459433c4b3c,2022,Chevrolet,Silverado 4WD Mud Terrain Tire (No DFM),Pickup truck: Standard,5.3,8,A10,X,18.1,13.8,16.2,17,381,3
bdce8fac851,2022,Maserati,Ghibli Trofeo,Mid-size,3.8,8,A8,Z,17.4,11.9,14.9,19,348,0
8d22e5eb258,2022,Subaru,Outback AWD,SUV: Small,2.5,4,AV8,X,9.0,7.1,8.2,34,192,4
af191a45843,2022,MINI,Cooper S 3 Door,Subcompact,2.0,4,AM7,Z,8.5,6.2,7.5,38,174,4
36e8ada80cc,2022,Porsche,718 Cayman,Two-seater,2.0,4,M6,Z,11.7,8.9,10.5,27,245,0
702278583f0,2022,Toyota,4Runner 4WD,SUV: Standard,4.0,6,AS5,X,14.9,12.6,13.8,20,323,2
9ceac2a647a,2022,Lexus,RC F,Subcompact,5.0,8,AS8,Z,14.4,9.6,12.2,23,285,2
3f241b3ad56,2022,Toyota,GR86,Minicompact,2.4,4,M6,Z,11.9,8.7,10.5,27,246,1
7c354153eaa,2022,Porsche,911 Carrera S,Minicompact,3.0,6,AM8,Z,12.9,10.2,11.7,24,274,2
619a8d391b3,2022,GMC,Canyon 4WD,Pickup truck: Small,2.5,4,A6,X,12.6,9.9,11.4,25,267,3
20b18eceb9a,2022,Volkswagen,Atlas 4MOTION,SUV: Small,3.6,6,AS8,X,13.8,10.2,12.2,23,286,2
f6735e1ec82,2022,Jeep,Cherokee,SUV: Small,3.2,6,A9,X,11.9,8.2,10.2,28,240,2
5131c5d203d,2022,Dodge,Challenger SRT Hellcat Widebody,Mid-size,6.2,8,A8,Z,18.6,11.3,15.3,18,359,0
1227eda3c9c,2022,Porsche,911 Carrera 4,Minicompact,3.0,6,AM8,Z,13.1,9.8,11.6,24,275,2
6301a59a9bd,2022,Honda,Civic Hatchback,Full-size,2.0,4,M6,X,9.1,6.6,8.0,35,186,3
ac5e6fc1f93,2022,Jaguar,F-PACE P250,SUV: Small,2.0,4,AS8,Z,10.7,8.8,9.9,29,227,4
a43b516fc10,2022,BMW,X2 M35i,SUV: Small,2.0,4,AS8,Z,9.9,7.6,8.9,32,207,1
b59cd28b9f4,2022,Mercedes-Benz,AMG GLC 43 4MATIC SUV,SUV: Small,3.0,6,A9,Z,12.9,9.3,11.3,25,264,2
221218dcd58,2022,Chevrolet,Suburban 4WD,SUV: Standard,5.3,8,A10,X,15.9,12.4,14.3,20,336,3
eb1828b9731,2022,Porsche,Panamera 4S ST,Full-size,2.9,6,AM8,Z,13.8,10.2,12.2,23,292,2
67e4c541b06,2022,Lexus,GX 460,SUV: Standard,4.6,8,AS6,Z,16.2,12.3,14.5,19,337,1
db365d060ab,2022,Mazda,Mazda3 5-Door Turbo 4WD,Mid-size,2.5,4,AS6,X,10.1,7.5,8.9,32,209,2
26f5e5e3874,2022,Genesis,G80 AWD,Full-size,3.5,6,AS8,Z,14.8,9.9,12.6,22,298,2
ab9ecfc3d70,2022,Volkswagen,Jetta GLI,Compact,2.0,4,AM7,X,9.0,6.5,7.9,36,185,4
a245922a00a,2022,Porsche,911 Targa 4S,Minicompact,3.0,6,AM8,Z,13.1,10.2,11.8,24,274,2
c97acf67b23,2022,Chevrolet,Suburban 4WD (No Stop-Start),SUV: Standard,5.3,8,A10,X,17.0,12.7,15.1,19,354,3
248c1e56df9,2022,Nissan,Rogue,SUV: Small,2.5,4,AV8,X,9.0,7.1,8.1,35,190,4
7fb2883b69b,2022,Mercedes-Benz,AMG A 35 4MATIC Sedan,Subcompact,2.0,4,AM7,Z,10.8,7.9,9.5,30,221,2
0520a9e26fe,2022,Ford,F-150,Pickup truck: Standard,3.5,6,AS10,X,13.1,9.9,11.7,24,275,3
fd0e5fa5ace,2022,Maserati,Quattroporte Modena,Full-size,3.0,6,A8,Z,14.4,9.3,12.1,23,281,1
6e0269a7b1d,2022,GMC,Sierra 4WD Mud Terrain Tire (No DFM),Pickup truck: Standard,5.3,8,A10,X,18.1,13.8,16.2,17,381,3
b3c9e705e84,2022,Toyota,Prius AWD,Mid-size,1.8,4,AV,X,4.6,5.0,4.8,59,111,4
b5857f02b49,2022,Mercedes-Benz,E 450 4MATIC All-Terrain Wagon,Station wagon: Mid-size,3.0,6,A9,Z,11.0,8.3,9.8,29,229,3
df89a915aa1,2022,Ford,Ranger 4WD,Pickup truck: Standard,2.3,4,AS10,X,11.9,9.7,10.9,26,256,3
3d3bb78155f,2022,Dodge,Challenger (MDS),Mid-size,5.7,8,A8,X,14.7,9.4,12.3,23,289,1
cb725c174b9,2022,MINI,John Cooper Works Clubman ALL4,Mid-size,2.0,4,AS8,Z,10.1,7.6,9.0,31,210,1
d9e8f9f3e16,2022,Lexus,RX 450h AWD,SUV: Standard,3.5,6,AV6,Z,7.5,8.4,7.9,36,185,4
31a9fc1d96c,2022,Lincoln,Corsair AWD,SUV: Small,2.0,4,AS8,X,11.1,8.1,9.8,29,229,2
288c7a48dea,2022,Ford,Bronco Badlands 4WD,SUV: Small,2.3,4,AS10,X,13.5,14.0,13.7,21,323,2
338c00445d2,2022,Genesis,GV70 AWD,SUV: Small,3.5,6,AS8,Z,12.9,10.0,11.6,24,275,2
1315fc796ef,2022,GMC,Canyon,Pickup truck: Small,2.8,4,A6,D,11.8,7.9,10.1,28,270,1
703b6ac117a,2022,Chevrolet,Silverado 4WD Mud Terrain Tire (No Stop-Start),Pickup truck: Standard,6.2,8,A10,Z,18.2,14.2,16.4,17,385,3
933b0579c57,2022,Toyota,RAV4 AWD,SUV: Small,2.5,4,AS8,X,9.5,7.1,8.4,34,198,3
0f93f6fabdb,2022,Porsche,911 Carrera GTS,Minicompact,3.0,6,AM8,Z,13.8,10.1,12.1,23,289,2
0de6c670637,2022,Hyundai,Santa Fe AWD,SUV: Small,2.5,4,AM8,X,11.0,8.5,9.9,29,233,2
13fdc55251c,2022,Ford,Mustang (High Performance),Subcompact,2.3,4,M6,X,11.9,8.7,10.5,27,246,2
eeec8211418,2022,Jaguar,F-TYPE R Coupe AWD,Two-seater,5.0,8,AS8,Z,15.2,9.8,12.7,22,299,1
b994414dfe9,2022,Maserati,Ghibli Modena,Mid-size,3.0,6,A8,Z,13.4,9.4,11.6,24,271,1
1c2417c6049,2022,Volkswagen,Tiguan R-Line 4MOTION,SUV: Small,2.0,4,AS8,X,11.0,8.3,9.8,29,229,4
4884b92e12f,2022,Toyota,Camry Hybrid LE,Mid-size,2.5,4,AV,X,4.9,4.8,4.9,58,113,4
c8226c4103b,2022,Subaru,Crosstrek AWD,SUV: Small,2.5,4,AV8,X,8.8,7.0,8.0,35,188,4
4c788388928,2022,Lexus,NX 350 AWD,SUV: Small,2.4,4,AS8,Z,10.5,8.3,9.5,30,221,4
05ee3bcab56,2022,Porsche,Cayenne GTS,SUV: Standard,4.0,8,AS8,Z,15.8,12.3,14.2,20,331,1
411b910b4db,2022,Maserati,Levante Trofeo,SUV: Standard,3.8,8,A8,Z,17.4,12.0,15.0,19,349,0
ab53a4d3d66,2022,Porsche,911 Turbo,Minicompact,3.7,6,AM8,Z,15.2,11.9,13.7,21,321,2
6f0ec85ead1,2022,Kia,Seltos AWD,SUV: Small,1.6,4,AM7,X,9.4,7.9,8.7,32,205,2
4bb6b5ec0b6,2022,Toyota,RAV4 Hybrid AWD,SUV: Small,2.5,4,AV,X,5.8,6.3,6.0,47,140,4
d2fc9c0218a,2022,Land Rover,Defender 90 5.0L V8,SUV: Standard,5.0,8,AS8,Z,15.8,12.4,14.3,20,339,1
217cc914cd8,2022,BMW,M3 Sedan,Compact,3.0,6,M6,Z,14.7,10.1,12.6,22,293,2
fadeec38c6a,2022,Chevrolet,Tahoe 4WD,SUV: Standard,6.2,8,A10,Z,16.3,12.7,14.7,19,345,3
8db0652cf27,2022,Mercedes-Benz,AMG GT 53 4MATIC+ Coupe,Compact,3.0,6,A9,Z,12.3,9.4,11.0,26,258,3
28a3a7918e3,2022,Cadillac,CT5-V Blackwing,Mid-size,6.2,8,AS10,Z,18.1,10.7,14.8,19,346,1
fd28200bb7f,2022,Jeep,Grand Cherokee WK 4X4,SUV: Standard,3.6,6,A8,X,12.7,9.6,11.3,25,265,4
97e2f6e520d,2022,Audi,Q5 40 TFSI quattro,SUV: Small,2.0,4,AM7,Z,10.3,8.1,9.3,30,217,2
51b218e93ee,2022,Jeep,Wrangler JL Unlimited 4X4,SUV: Small,3.6,6,M6,X,13.8,10.1,12.2,23,285,2
e04a62b8fbf,2022,Cadillac,XT6 AWD,SUV: Small,3.6,6,AS9,X,13.1,9.5,11.5,25,269,3
999811f7993,2022,Mazda,CX-30 4WD,SUV: Small,2.0,4,AS6,X,9.4,7.7,8.6,33,202,4
f300860d149,2022,Ram,1500 Classic 4X4,Pickup truck: Standard,3.6,6,A8,X,14.5,10.2,12.6,22,295,1
d2693693989,2022,Porsche,Cayenne Turbo,SUV: Standard,4.0,8,AS8,Z,16.8,12.4,14.8,19,343,1
261f303c904,2022,Porsche,911 Turbo Cabriolet,Minicompact,3.7,6,AM8,Z,15.6,11.8,13.9,20,324,2
64337a032d0,2022,Toyota,GR Supra 2.0,Two-seater,2.0,4,AS8,Z,9.3,7.2,8.4,34,195,4
47352bfdb5d,2022,MINI,Cooper Countryman ALL4,Mid-size,1.5,3,AS8,Z,10.2,7.7,9.1,31,211,4
a5a3375fbae,2022,BMW,M440i xDrive Gran Coupe,Compact,3.0,6,AS8,Z,10.9,8.0,9.6,29,224,2
d1edbb8c68e,2022,Kia,Sportage AWD,SUV: Small,2.0,4,AS6,X,12.1,9.6,11.0,26,261,2
081a9a99606,2022,Chevrolet,Tahoe 4WD,SUV: Standard,5.3,8,A10,X,15.8,11.8,14.0,20,327,3
eaa0bf473de,2022,MINI,John Cooper Works 3 Door,Subcompact,2.0,4,AS8,Z,9.3,6.9,8.2,34,191,4
2dfeffca8bb,2022,Lamborghini,Urus,SUV: Standard,4.0,8,AS8,Z,19.2,14.1,16.9,17,384,1
52f894a852c,2022,Mercedes-Benz,AMG GLB 35 4MATIC SUV,Station wagon: Mid-size,2.0,4,AM8,Z,12.7,9.4,11.2,25,262,2
013aeb247e9,2022,Hyundai,Elantra N,Mid-size,2.0,4,AM8,Z,12.1,7.9,10.2,28,241,1
59bbf6fe5f3,2022,Kia,Rio,Compact,1.6,4,AV1,X,7.2,6.0,6.7,42,159,1
7343b88fb72,2022,Toyota,Tacoma 4WD,Pickup truck: Small,3.5,6,M6,X,13.8,11.4,12.7,22,299,2
3ba6bad4fb1,2022,Chevrolet,Silverado 4WD Mud Terrain Tire,Pickup truck: Standard,3.0,6,A10,D,11.8,10.3,11.2,25,298,1
ffc797bb6e6,2022,GMC,Sierra FFV,Pickup truck: Standard,5.3,8,A6,E,21.5,16.0,19.1,15,321,1
3f3a51819cb,2022,Porsche,718 Cayman GTS 4.0,Two-seater,4.0,6,M6,Z,14.0,10.0,12.2,23,284,2
36b35419813,2022,GMC,Sierra 4WD,Pickup truck: Standard,3.0,6,A10,D,10.5,9.1,9.9,29,265,1
078a1982f14,2022,Nissan,Rogue,SUV: Small,1.5,3,AV8,X,7.8,6.5,7.2,39,169,3
a1a38376f18,2022,Porsche,911 Turbo S,Minicompact,3.7,6,AM8,Z,15.3,11.8,13.7,21,321,2
3c6ec2d35b2,2022,Chevrolet,Silverado 4WD Mud Terrain Tire,Pickup truck: Standard,5.3,8,A10,X,16.6,14.0,15.4,18,361,3
ee87774154c,2022,Acura,RDX SH-AWD,SUV: Small,2.0,4,AS10,Z,11.0,8.6,9.9,29,232,3
89ee1e7a743,2022,Nissan,Rogue AWD,SUV: Small,1.5,3,AV8,X,8.4,6.7,7.6,37,179,3
03c44ebda44,2022,Maserati,Levante GT,SUV: Standard,3.0,6,A8,Z,15.1,10.9,13.2,21,308,1
a5ab12a3393,2022,Rolls-Royce,Ghost EWB,Full-size,6.7,12,AS8,Z,19.9,12.7,16.7,17,387,1
114ee938f0e,2022,Lexus,LC 500,Subcompact,5.0,8,AS10,Z,15.1,9.6,12.6,22,294,2
df502912ab7,2022,MINI,Cooper S Clubman ALL4,Mid-size,2.0,4,AS8,Z,10.2,7.4,8.9,32,207,4
afb387f15fd,2022,Kia,Forte 5,Full-size,1.6,4,AM7,X,8.9,6.9,8.0,35,190,2
0696dd98a49,2022,Mercedes-Benz,S 500 4MATIC SWB Sedan,Full-size,3.0,6,A9,Z,11.4,8.0,9.9,29,231,3
d2d6b99315f,2022,Mercedes-Benz,AMG E 53 4MATIC+ Sedan,Mid-size,3.0,6,A9,Z,11.3,8.3,9.9,29,232,3
ae5a761147e,2022,BMW,M5 CS,Mid-size,4.4,8,AS8,Z,16.1,11.0,13.8,20,322,1
a2986b1116d,2022,Porsche,911 Carrera S Cabriolet,Minicompact,3.0,6,M7,Z,13.8,9.4,11.8,24,275,2
917a90f04d9,2022,MINI,Cooper 3 Door,Subcompact,1.5,3,AM7,Z,8.2,6.2,7.3,39,170,4
cc187492332,2022,Lamborghini,Huracan evo Spyder AWD,Two-seater,5.2,10,AM7,Z,18.0,12.9,15.7,18,370,0
9297be23597,2022,GMC,Sierra 4WD (No DFM),Pickup truck: Standard,5.3,8,A10,X,16.8,12.4,14.8,19,347,3
496177138f6,2022,Jaguar,F-TYPE P450 Coupe,Two-seater,5.0,8,AS8,Z,14.1,9.7,12.1,23,286,1
0eabafdd7b0,2022,Audi,RS 6 Avant quattro,Station wagon: Mid-size,4.0,8,AS8,Z,16.1,10.7,13.7,21,319,1
c890c3d24b4,2022,Audi,A8 L Sedan 55 TFSI quattro,Full-size,3.0,6,AS8,Z,12.6,8.3,10.6,27,248,2
c8d1ac11345,2022,Porsche,718 Boxster T,Two-seater,2.0,4,AM7,Z,11.2,8.7,10.1,28,236,0
de1b6a2f63c,2022,Chevrolet,Silverado,Pickup truck: Standard,5.3,8,A8,X,15.1,11.3,13.4,21,314,3
5ba1e8ce15f,2022,Bugatti,Chiron Pur Sport,Two-seater,8.0,16,AM7,Z,30.3,20.9,26.1,11,608,0
6a1ece3cf8f,2022,Audi,A5 Sportback 45 TFSI quattro,Mid-size,2.0,4,AM7,Z,9.8,7.6,8.8,32,205,2
0493cc37d90,2022,Ram,1500,Pickup truck: Standard,5.7,8,A8,X,16.2,10.5,13.6,21,320,2
1c111777d17,2022,Chevrolet,Suburban (No Stop-Start),SUV: Standard,5.3,8,A10,X,16.0,11.9,14.1,20,332,3
d0dca58e939,2022,Infiniti,Q60 AWD Red Sport,Subcompact,3.0,6,AS7,Z,12.5,9.2,11.0,26,259,1
f10b67e7627,2022,Nissan,Sentra SR,Mid-size,2.0,4,AV,X,8.2,6.1,7.3,39,171,4
43299c16ddd,2022,Genesis,GV80 AWD,SUV: Standard,3.5,6,AS8,Z,12.9,10.4,11.8,24,279,2
a7cc43ea8cc,2022,Ford,Bronco Sasquatch 4WD,SUV: Small,2.3,4,AS10,X,13.1,13.8,13.4,21,314,2
3eb01bd78ce,2022,GMC,Yukon,SUV: Standard,5.3,8,A10,X,15.8,11.8,14.0,20,327,3
334fa2b91e0,2022,Mercedes-Benz,A 220 4MATIC Sedan,Subcompact,2.0,4,AM7,Z,9.5,6.8,8.3,34,194,2
0889fb32d58,2022,GMC,Sierra FFV,Pickup truck: Standard,5.3,8,A6,X,16.2,12.3,14.5,19,341,1
415ed9bbce7,2022,Land Rover,Range Rover SVAutobiography,SUV: Standard,5.0,8,AS8,Z,17.1,12.6,15.1,19,354,1
b183ce3885e,2022,Jaguar,F-PACE P400,SUV: Small,3.0,6,AS8,Z,12.1,9.1,10.8,26,253,4
9a61514e522,2022,Buick,Encore,SUV: Small,1.4,4,AS6,X,9.7,7.3,8.6,33,201,4
8dfd1804f7b,2022,Audi,TT Coupe 45 TFSI quattro,Subcompact,2.0,4,AM7,X,10.5,7.9,9.4,30,218,4
82ac3976bd9,2022,Hyundai,Santa Cruz AWD,Pickup truck: Small,2.5,4,AM8,X,12.1,8.6,10.6,27,250,2
b0c0be780a2,2022,Maserati,Quattroporte GT,Full-size,3.0,6,A8,Z,14.4,9.3,12.1,23,281,1
892648ea63e,2022,BMW,X6 M50i,SUV: Standard,4.4,8,AS8,Z,14.4,10.6,12.7,22,302,1
06feb7f22a9,2022,Volkswagen,Golf GTI,Mid-size,2.0,4,M6,X,9.8,6.9,8.5,33,198,2
58bf7f7fd59,2022,Jeep,Grand Cherokee 4X4,SUV: Standard,3.6,6,A8,X,12.3,9.2,10.9,26,256,4
91a55be8352,2022,Porsche,Cayenne Turbo GT,SUV: Standard,4.0,8,AS8,Z,16.8,12.4,14.8,19,345,1
45e188fb1cb,2022,Audi,TTS Coupe quattro,Subcompact,2.0,4,AM7,Z,10.0,7.7,9.0,31,209,1
2931952d0b8,2022,Porsche,911 Carrera GTS Cabriolet,Minicompact,3.0,6,M7,Z,13.8,9.6,11.9,24,278,2
a028ad633de,2022,Alfa Romeo,Stelvio AWD,SUV: Small,2.0,4,A8,Z,10.8,8.3,9.6,29,226,1
21266ccb565,2022,Cadillac,CT5 AWD,Mid-size,3.0,6,AS10,Z,12.8,9.1,11.1,25,260,2
831618f46f9,2022,Audi,Q8 55 TFSI quattro,SUV: Standard,3.0,6,AS8,Z,12.8,10.5,11.7,24,273,2
a82324812e1,2022,Infiniti,QX60 AWD,SUV: Standard,3.5,6,AS9,Z,11.9,9.5,10.8,26,253,2
1768b69b8ed,2022,GMC,Acadia,SUV: Standard,2.0,4,A9,X,10.6,8.0,9.4,30,221,4
d8136e4e758,2022,Chevrolet,Colorado 4WD,Pickup truck: Small,2.8,4,A6,D,12.2,8.4,10.5,27,283,1
77bd6dceeef,2022,Nissan,Qashqai,Station wagon: Small,2.0,4,AV8,X,8.6,7.3,8.0,35,188,3
9dbf7d85608,2022,Chevrolet,Silverado 4WD (No Stop-Start),Pickup truck: Standard,5.3,8,A10,X,16.1,12.4,14.4,20,339,3
4eadb32e631,2022,Porsche,718 Cayman GT4,Two-seater,4.0,6,AM7,Z,13.0,9.9,11.6,24,271,2
ca07927b421,2022,Audi,S5 Cabriolet quattro,Subcompact,3.0,6,AS8,Z,11.3,8.4,10.0,28,233,2
b8e74514cda,2022,Ford,F-150 Tremor 4X4 (Without Stop-Start),Pickup truck: Standard,3.5,6,AS10,X,14.7,11.7,13.3,21,313,3
993d5f87bb5,2022,Mitsubishi,Mirage,Compact,1.2,3,AV,X,6.6,5.6,6.2,46,143,2
ff640bea29a,2022,Mercedes-Benz,GLS 600 4MATIC Maybach SUV,SUV: Standard,4.0,8,A9,Z,16.3,12.2,14.4,20,338,2
2fee75f58c0,2022,Mercedes-Benz,Metris Passenger Van,Special purpose vehicle,2.0,4,A9,Z,13.3,10.6,12.1,23,282,3
1ed0b38453d,2022,Ford,Edge AWD,SUV: Small,2.0,4,AS8,X,11.6,8.5,10.2,28,239,3
ebffb59fd80,2022,Mercedes-Benz,C 300 4MATIC Cabriolet,Subcompact,2.0,4,A9,Z,11.0,8.0,9.6,29,224,3
96427fc40ba,2022,Chrysler,300,Full-size,3.6,6,A8,X,12.4,7.8,10.3,27,242,2
4931d8fc0d7,2022,Mercedes-Benz,S 580 4MATIC LWB Sedan,Full-size,4.0,8,A9,Z,14.3,9.5,12.2,23,285,2
a6a8b7f606f,2022,Hyundai,Elantra N,Mid-size,2.0,4,M6,Z,10.9,7.7,9.4,30,223,1
78c9430ce69,2022,Honda,Ridgeline AWD,Pickup truck: Standard,3.5,6,AS9,X,12.8,9.9,11.5,25,271,1
53c940bda35,2022,Volvo,XC60 B5 AWD,SUV: Small,2.0,4,AS8,Z,10.5,8.1,9.4,30,219,2
956a6227a9a,2022,Porsche,911 Carrera 4 GTS Cabriolet,Minicompact,3.0,6,AM8,Z,13.7,10.7,12.3,23,288,2
2d8e5a94a65,2022,Ram,1500 4X4,Pickup truck: Standard,5.7,8,A8,X,16.1,11.0,13.8,20,325,2
11f7f25af8b,2022,Dodge,Charger,Full-size,3.6,6,A8,X,12.4,7.8,10.3,27,242,2
d6ec57179ce,2022,Chevrolet,Silverado,Pickup truck: Standard,5.3,8,A10,X,14.4,11.3,13.0,22,304,3
42e5a9ffef4,2022,Cadillac,Escalade 4WD,SUV: Standard,3.0,6,A10,D,11.7,9.0,10.5,27,281,1
eeedb41390d,2022,Kia,Seltos,SUV: Small,2.0,4,AV8,X,8.2,7.1,7.7,37,182,2
a9327c81b74,2022,MINI,Cooper 5 Door,Subcompact,1.5,3,AM7,Z,8.2,6.2,7.3,39,170,4
dafefe26c8a,2022,GMC,Sierra 4WD Mud Terrain Tire FFV,Pickup truck: Standard,5.3,8,A6,X,17.4,14.7,16.2,17,380,1
b41704b44d0,2022,Mercedes-Benz,C 300 4MATIC Coupe,Subcompact,2.0,4,A9,Z,10.7,7.5,9.3,30,217,3
a94c7419bf5,2022,Hyundai,Sonata,Full-size,2.5,4,AM8,X,10.1,7.2,8.8,32,208,2
439ab13d95d,2022,Porsche,911 Targa 4,Minicompact,3.0,6,AM8,Z,13.1,9.8,11.6,24,275,2
e52fdb81bd5,2022,Nissan,Sentra,Mid-size,2.0,4,AV,X,8.0,6.0,7.1,40,167,4
87173b7e1ca,2022,BMW,M8 Gran Coupe,Mid-size,4.4,8,AS8,Z,16.1,11.0,13.8,20,322,1
bfeb6c251ad,2022,Kia,Stinger AWD,Mid-size,3.3,6,AS8,Z,13.7,9.6,11.9,24,280,1
48132db43a2,2022,GMC,Sierra,Pickup truck: Standard,2.7,4,A8,X,12.5,10.6,11.6,24,274,3
985739d76fb,2022,Acura,MDX SH-AWD,SUV: Small,3.5,6,AS10,Z,12.6,9.4,11.2,25,263,2
791fde25d34,2022,Toyota,Corolla Hatchback,Compact,2.0,4,AV10,X,7.5,5.9,6.8,42,159,4
b4e0731cd98,2022,Volkswagen,Jetta GLI,Compact,2.0,4,M6,X,9.1,6.4,7.9,36,186,4
06232f02fd9,2022,Kia,Soul,Station wagon: Small,2.0,4,AV,X,8.5,7.0,7.9,36,187,4
26a4cebb9d6,2022,BMW,Alpina B7,Full-size,4.4,8,AS8,Z,13.9,9.6,12.0,24,279,1
53973530888,2022,Chevrolet,Silverado 4WD (With Sport Mode),Pickup truck: Standard,3.0,6,A10,D,10.5,9.1,9.9,29,265,1
fb5f86361e8,2022,Audi,Q3 45 TFSI quattro,SUV: Small,2.0,4,AS8,X,11.4,8.3,10.0,28,233,4
128d0c0126e,2022,Nissan,Versa,Compact,1.6,4,AV,X,7.4,5.9,6.7,42,158,4
c29528673cd,2022,Jeep,Cherokee,SUV: Small,2.4,4,A9,X,10.8,7.5,9.3,30,219,3
4b3ecf9ebb1,2022,GMC,Yukon XL (No Stop-Start),SUV: Standard,5.3,8,A10,X,16.0,11.9,14.1,20,332,3
42979f097cd,2022,Honda,Pilot AWD TrailSport,SUV: Small,3.5,6,AS9,X,12.3,9.5,11.1,25,260,1
97f31af9b22,2022,Ford,Transit Connect Wagon LWB,Special purpose vehicle,2.0,4,AS8,X,10.0,8.3,9.2,31,216,3
62246a116ed,2022,BMW,M4 Competition Coupe,Subcompact,3.0,6,AS8,Z,14.5,10.2,12.6,22,292,2
7fd91ca74dd,2022,Ford,F-150 Hybrid 4X4,Pickup truck: Standard,3.5,6,AS10,X,10.3,10.0,10.2,28,238,3
26853e4b148,2022,Toyota,4Runner 4WD (Part-Time 4WD) ,SUV: Standard,4.0,6,AS5,X,14.8,12.5,13.8,20,321,2
e6eb511ee3d,2022,Kia,Sportage AWD,SUV: Small,2.4,4,AS6,X,10.8,9.1,10.0,28,238,2
ec5f2de10ea,2022,Ford,Mustang (High Performance),Subcompact,2.3,4,AS10,X,11.7,8.6,10.3,27,242,2
ea572974209,2022,Nissan,Versa,Compact,1.6,4,M5,X,8.6,6.7,7.7,37,181,4
97a21c4b477,2022,Chevrolet,Tahoe 4WD (No Stop-Start),SUV: Standard,5.3,8,A10,X,17.0,12.7,15.1,19,354,3
446c78f1b28,2022,Alfa Romeo,Stelvio,SUV: Small,2.0,4,A8,Z,10.3,8.1,9.3,30,218,1
126bcb0fc1e,2022,Ford,F-150 FFV,Pickup truck: Standard,3.3,6,AS10,X,12.1,9.8,11.1,25,260,3
8df89082094,2022,Land Rover,Range Rover Velar P250,SUV: Small,2.0,4,AS8,Z,11.5,9.0,10.4,27,244,4
c9d6cd99ad5,2022,GMC,Canyon 4WD,Pickup truck: Small,2.8,4,A6,D,12.2,8.4,10.5,27,283,1
f8a04919a8c,2022,Dodge,Charger Widebody (MDS),Full-size,6.4,8,A8,Z,15.8,9.6,13.0,22,305,0
aff44e25c2d,2022,Cadillac,XT5,SUV: Small,2.0,4,AS9,Z,10.8,8.2,9.6,29,225,4
a65facd292b,2022,Porsche,Macan S,SUV: Small,2.9,6,AM7,Z,13.8,10.1,12.2,23,289,2
02059415c62,2022,Volvo,V60 CC T5 AWD,Station wagon: Small,2.0,4,AS8,Z,10.9,7.7,9.5,30,221,2
454ae9c4fe4,2022,Maserati,MC20,Two-seater,3.0,6,AS8,Z,15.4,9.5,12.8,22,295,2
8e6730f321f,2022,Porsche,911 GT3,Two-seater,4.0,6,M6,Z,17.0,13.1,15.2,19,355,1
e1a4b73d80b,2022,Hyundai,Venue,Mid-size,1.6,4,AV1,X,7.9,6.9,7.5,38,176,2
70292595051,2022,Volkswagen,Jetta,Compact,1.5,4,M6,X,8.0,5.5,6.9,41,161,4
191a0eec204,2022,Jaguar,F-TYPE R Convertible AWD,Two-seater,5.0,8,AS8,Z,15.2,9.8,12.7,22,299,1
cfbc7bd8f2b,2022,Porsche,Cayenne Coupe,SUV: Standard,3.0,6,AS8,Z,13.8,10.7,12.4,23,289,2
efb54ae5a7a,2022,Chevrolet,Tahoe 4WD (No Stop-Start),SUV: Standard,6.2,8,A10,Z,17.0,12.7,15.1,19,353,3
2fa2a19436c,2022,Kia,Telluride AWD,SUV: Small,3.8,6,AS8,X,12.7,9.7,11.3,25,266,2
9e35ae5e881,2022,Rolls-Royce,Phantom,Full-size,6.7,12,AS8,Z,20.0,11.8,16.3,17,382,1
c07e4067ec2,2022,Kia,Sportage,SUV: Small,2.4,4,AS6,X,10.1,7.6,9.0,31,214,2
15ce1161dbb,2022,Mercedes-Benz,AMG G 63 SUV,SUV: Standard,4.0,8,A9,Z,19.3,15.6,17.6,16,412,1
77112d35202,2022,Chevrolet,Colorado ZR2 4WD,Pickup truck: Small,2.8,4,A6,D,13.3,10.6,12.1,23,326,1
804e41ffc7f,2022,Porsche,718 Boxster S,Two-seater,2.5,4,M6,Z,12.5,9.6,11.2,25,263,0
61d8d1f0734,2022,Mercedes-Benz,AMG SL 63 4MATIC+ Roadster,Minicompact,4.0,8,A9,Z,17.1,11.3,14.5,19,339,2
5d182e5f515,2022,Hyundai,Sonata,Full-size,1.6,4,AS8,X,8.8,6.4,7.7,37,183,2
70baf4b753b,2022,Mercedes-Benz,AMG CLA 45 4MATIC Coupe,Compact,2.0,4,AM8,Z,12.0,8.5,10.4,27,243,1
d51ec2c7eb6,2022,Jeep,Cherokee 4X4 Active Drive I,SUV: Small,2.0,4,A9,X,11.2,8.0,9.8,29,229,2
71fd484d499,2022,Audi,SQ5 quattro,SUV: Small,3.0,6,AS8,Z,12.5,9.7,11.2,25,262,2
3ef7344f16b,2022,Hyundai,Santa Fe Hybrid,SUV: Small,1.6,4,AM6,X,7.1,7.9,7.4,38,176,4
4d5c727db26,2022,Kia,Sorento Hybrid AWD,SUV: Small,1.6,4,AM6,X,6.4,7.0,6.6,43,157,4
a151879c4d7,2022,Ram,1500 eTorque,Pickup truck: Standard,3.6,6,A8,X,11.9,9.4,10.8,26,253,2
d67e7655a5f,2022,Mitsubishi,Eclipse Cross 4WD,SUV: Small,1.5,4,AV8,X,9.6,8.9,9.3,30,216,2
30c0dfcef8e,2022,Chrysler,300,Full-size,5.7,8,A8,X,14.7,9.4,12.3,23,289,1
05088d96426,2022,Audi,A3 Sedan 40 TFSI quattro,Subcompact,2.0,4,AM7,X,8.5,6.6,7.6,37,178,4
c3ec865f0b3,2022,Ford,F-150,Pickup truck: Standard,2.7,6,AS10,X,12.1,9.4,10.9,26,256,3
48dbbac5818,2022,Hyundai,Elantra,Mid-size,2.0,4,M6,X,9.1,6.3,7.8,36,185,2
56fc650925f,2022,Cadillac,CT5-V Blackwing,Mid-size,6.2,8,M6,Z,18.3,11.4,15.2,19,356,1
94af90ad9e5,2022,Dodge,Durango AWD,SUV: Standard,5.7,8,A8,X,16.7,10.9,14.1,20,331,2
0798cd49883,2022,Chevrolet,Corvette,Two-seater,6.2,8,AS8,Z,15.1,9.6,12.6,22,297,2
2652312e5ed,2022,GMC,Canyon,Pickup truck: Small,3.6,6,A8,X,12.9,9.3,11.3,25,263,3
446f697730b,2022,Porsche,911 Carrera 4S,Minicompact,3.0,6,AM8,Z,13.0,10.2,11.8,24,275,2
b6be95e69d5,2022,GMC,Sierra 4WD Mud Terrain Tire,Pickup truck: Standard,6.2,8,A10,Z,16.5,13.2,15.0,19,352,3
c10bf7adbc5,2022,Infiniti,QX55 AWD,SUV: Small,2.0,4,AV8,Z,10.5,8.3,9.5,30,223,3
997a74f9514,2022,Ford,Mustang,Subcompact,2.3,4,A10,X,11.0,7.4,9.3,30,220,2
2f2d9f460ea,2022,Nissan,Rogue AWD SL/Platinum,SUV: Small,1.5,3,AV8,X,8.4,6.8,7.7,37,181,3
d5b9e07e2c1,2022,Ford,Explorer Timberline AWD,SUV: Standard,2.3,4,AS10,X,12.2,10.5,11.5,25,269,3
e0f2f84f3ca,2022,Mazda,Mazda3 4-Door,Compact,2.0,4,AS6,X,8.4,6.6,7.6,37,178,4
83d0f0b5c19,2022,BMW,X7 M50i,SUV: Standard,4.4,8,AS8,Z,15.7,11.5,13.8,20,321,1
6248ec7dc73,2022,Mazda,Mazda3 4-Door,Compact,2.5,4,AS6,X,8.9,6.5,7.8,36,183,4
5a1c3815c79,2022,Rolls-Royce,Cullinan Black Badge,Station wagon: Mid-size,6.7,12,AS8,Z,20.1,12.1,16.5,17,386,1
7c30c3aaa25,2022,BMW,M550i xDrive Sedan,Mid-size,4.4,8,AS8,Z,13.5,9.3,11.6,24,271,1
3f4f281cac5,2022,Genesis,G80 AWD,Full-size,2.5,4,AS8,Z,10.8,7.9,9.5,30,225,2
d822bf02755,2022,BMW,M3 Competition Sedan M xDrive,Compact,3.0,6,AS8,Z,14.6,10.5,12.7,22,296,2
da0da043fde,2022,Hyundai,Elantra (ISG),Mid-size,2.0,4,AV1,X,7.1,5.5,6.4,44,151,2
de90525b62c,2022,Ford,F-150 4X4 FFV (Without Stop-Start),Pickup truck: Standard,5.0,8,AS10,X,15.1,10.7,13.1,22,308,2
323e1f187eb,2022,Chevrolet,Silverado 4WD (No DFM),Pickup truck: Standard,5.3,8,A10,X,16.8,12.4,14.8,19,347,3
4e49b51d5de,2022,Hyundai,Kona,SUV: Small,2.0,4,AV,X,8.0,6.6,7.4,38,174,4
8f962bc1bf1,2022,BMW,X5 xDrive40i,SUV: Standard,3.0,6,AS8,Z,11.3,9.2,10.4,27,241,1
97d343500fc,2022,Lexus,LC 500h,Subcompact,3.5,6,AV10,Z,9.0,7.1,8.1,35,189,4
453fa959041,2022,Aston Martin,Vantage V8,Two-seater,4.0,8,A8,Z,13.1,9.6,11.5,25,270,2
73e8724be7d,2022,Mercedes-Benz,C 300 4MATIC Sedan,Compact,2.0,4,A9,Z,9.9,7.1,8.6,33,202,4
adf9dd21e74,2022,Bentley,Flying Spur,Mid-size,4.0,8,AM8,Z,15.5,11.6,13.7,21,323,1
4a15a420076,2022,BMW,M8 Gran Coupe Competition,Mid-size,4.4,8,AS8,Z,16.1,11.0,13.8,20,322,1
1ff291b6f89,2022,Dodge,Charger (MDS),Full-size,5.7,8,A8,X,14.7,9.4,12.3,23,289,1
ff3fb82f77b,2022,Ram,1500 4X4 EcoDiesel,Pickup truck: Standard,3.0,6,A8,D,11.1,8.0,9.7,29,260,0
cf742d4b653,2022,Honda,Accord Sport/Touring,Full-size,2.0,4,AS10,X,10.4,7.4,9.1,31,211,4
311d4b28c25,2022,BMW,M8 Cabriolet Competition,Subcompact,4.4,8,AS8,Z,16.1,11.0,13.8,20,322,1
